comp533.barrier.BarrierImpl,BarrierClass
comp533.barrier.Barrier,BarrierClass
model.view.controller.RemoteConnect,ClientTokenCounter
model.view.controller.Controller,ControllerClass
model.view.controller.ControllerInterface,ControllerClass
comp533.assignment.mapper.SumMapperImpl,IntSummingMapperClass
comp533.assignment.mapper.AssignmentMapper,IntSummingMapperClass
comp533.joiner.JoinerImpl,JoinerClass
comp533.joiner.Joiner,JoinerClass
key.value.KeyValueImpl,KeyValueClass
key.value.KeyValue,KeyValueClass
mapper.factory.MapperFactory,MapperFactory
model.view.controller.Model,ModelClass
model.view.controller.ModelInterface,ModelClass
model.view.controller.RemoteModel,ModelClass
comp533.partitioner.PartitionerImpl,PartitionerClass
comp533.partitioner.Partitioner,PartitionerClass
comp533.partitioner.PartitionerFactory,PartitionerFactory
comp533.reducer.implementation.ReducerImpl,ReducerClass
comp533.reducer.implementation.Reducer,ReducerClass
reduce.factory.ReducerFactoryImpl,ReducerFactory
client.ClientImpl,RemoteClientObjectClass
client.Client,RemoteClientObjectClass
client.Client,RemoteClientObjectInterface
model.view.controller.RemoteModel,RemoteModelInterface
model.view.controller.RemoteConnectSum,ServerIntegerSummer
model.view.controller.RemoteConnect,ServerTokenCounter
slave.SlaveImpl,SlaveClass
slave.RemoteSlave,SlaveClass
model.view.controller.ConnectSum,StandAloneIntegerSummer
model.view.controller.Connect,StandAloneTokenCounter
comp533.assignment.mapper.AssignmentMapperImpl,TokenCountingMapperClass
comp533.assignment.mapper.AssignmentMapper,TokenCountingMapperClass
model.view.controller.View,ViewClass
